field,campaign_canonical,campaign_start_year,actual_usd,predicted_usd,error_usd,abs_error_usd,ape_pct
DARAJAT,DARAJAT_2022,2022,23020276.850000,23891503.940000,871227.090000,871227.090000,3.7846
DARAJAT,DARAJAT_2023_2024,2023,26441371.820000,23208430.450000,-3232941.370000,3232941.370000,12.2268
SALAK,SALAK_2025_2026,2025,28727029.150000,29063280.470000,336251.320000,336251.320000,1.1705
