field,campaign_canonical,campaign_start_year,actual_usd,predicted_usd,error_usd,abs_error_usd,ape_pct
DARAJAT,DARAJAT_2019,2019,27123780.280000,22518819.405000,-4604960.875000,4604960.875000,16.9776
DARAJAT,DARAJAT_2022,2022,20467624.050000,27895509.050000,7427885.000000,7427885.000000,36.2909
DARAJAT,DARAJAT_2023_2024,2023,24648047.590000,22496239.850000,-2151807.740000,2151807.740000,8.7301
SALAK,SALAK_2021,2021,13780490.870000,12745782.270000,-1034708.600000,1034708.600000,7.5085
SALAK,SALAK_2025_2026,2025,26341964.080000,24682874.520000,-1659089.560000,1659089.560000,6.2983
