field,classification,key_count,key_share_pct,cost_total,cost_share_pct
DARAJAT,well_tied,35,49.2958,76544423.660000,69.5605
DARAJAT,campaign_tied,21,29.5775,14264220.430000,12.9628
DARAJAT,hybrid,15,21.1268,19231374.610000,17.4767
SALAK,well_tied,37,50.6849,47500745.590000,71.3508
SALAK,campaign_tied,21,28.7671,8753687.440000,13.1489
SALAK,hybrid,15,20.5479,10319140.280000,15.5004
