classification,key_count,key_share_pct,cost_total,cost_share_pct
well_tied,651,79.1971,79137512.380000,74.2664
campaign_tied,46,5.5961,12260508.420000,11.5058
hybrid,125,15.2068,15160939.310000,14.2277
