classification,key_count,key_share_pct,cost_total,cost_share_pct
well_tied,524,63.7470,61040913.160000,57.2837
campaign_tied,99,12.0438,8914609.060000,8.3659
hybrid,199,24.2092,36603437.890000,34.3504
